Group,N,Time Coef (no control),p-value,R² (no control),Time Coef (w/ compute),p-value (time),Compute Coef,p-value (compute),R² (w/ compute),Coef Δ,Coef Δ (%)
All Models,13,2.369166615466289,0.0027958900920403984,0.5714264640736327,2.4793820782028972,0.0004002900652069208,1.517954840151707,2.1316282072803006e-14,0.7668091596035953,0.11021546273660832,4.6520773176991685
Frontier Models,6,2.175522080654623,0.00474619750469385,0.889643757255904,2.186224266919198,0.01544089112760938,0.17239837772119906,0.005148158215292797,0.8912505425033567,0.010702186264575086,0.4919364579078304
