Group,N,Time Coef (no control),p-value,R² (no control),Time Coef (w/ compute),p-value (time),Compute Coef,p-value (compute),R² (w/ compute),Coef Δ,Coef Δ (%)
All Models,52,1.222166339762521,2.220446049250313e-16,0.7413417412299473,1.0166927169503748,0.0,0.43413987772288665,0.0,0.8508899352839475,-0.20547362281214632,-16.81224691984823
Frontier Models,11,1.0956113725799954,0.0008013745379782389,0.7306305343480615,0.9852760068424534,9.152791123767656e-05,0.4908415157974576,1.0617062784490372e-11,0.9110710991073591,-0.11033536573754199,-10.070666342000381
