Group,N,Time Coef (no control),p-value,R² (no control),Time Coef (w/ compute),p-value (time),Compute Coef,p-value (compute),R² (w/ compute),Coef Δ,Coef Δ (%)
All Models,52,1.2221663397625213,2.220446049250313e-16,0.7413417412299473,1.0166927169503752,0.0,0.4341398777228867,0.0,0.8508899352839475,-0.2054736228121461,-16.81224691984821
Frontier Models,11,1.0956113725799952,0.0008013745379782389,0.7306305343480615,0.9852760068424531,9.152791123767656e-05,0.49084151579745744,1.0617062784490372e-11,0.9110710991073592,-0.1103353657375421,-10.070666342000393
