Benchmark,Sample,N,Slope (log10$/yr),Std Error,p-value,95% CI Lower,95% CI Upper,R²,Adj R²
GPQA-D,Pareto,53,1.0807858573148235,0.3376733579100562,0.0023604970520298973,0.40287830503590305,1.7586934095937439,0.1672705422964188,0.15094251371399559
GPQA-D,All,138,0.7416427456352805,0.20527817445412003,0.00042511592767424666,0.33569267955444443,1.1475928117161167,0.08757170190420915,0.08086267030056371
SWE-Bench,Pareto,10,0.7194217548253095,0.7205166430407672,0.347285772075848,-0.9420926033870627,2.3809361130376816,0.11081107246501676,-0.0003375434768562169
SWE-Bench,All,19,0.4108710473599794,0.40572234443003574,0.32540554741732386,-0.4451282751935091,1.266870369913468,0.05689379534965011,0.0014169597819825297
AIME,Pareto,27,0.07373215511783351,0.5336250006382791,0.891211223587967,-1.0252891064097034,1.1727534166453706,0.0007630798452601395,-0.039206396960929535
AIME,All,61,0.30563956395301156,0.3180714787242804,0.34051670304518833,-0.3308199945451616,0.9420991224511848,0.015408967923704942,-0.0012790156708084588
