Benchmark,Sample,N,Slope (log10$/yr),Std Error,p-value,95% CI Lower,95% CI Upper,R²,Adj R²
GPQA-D,Pareto,53,1.0807858573148235,0.3376733579100562,0.0023604970520298973,0.40287830503590305,1.7586934095937439,0.1672705422964188,0.15094251371399559
GPQA-D,All,138,0.7416427456352805,0.20527817445412003,0.00042511592767424666,0.33569267955444443,1.1475928117161167,0.08757170190420915,0.08086267030056371
SWE-Bench,Pareto,13,0.256881038841162,0.6237194409986395,0.6883582092099787,-1.115916194852076,1.6296782725344,0.01518612634356542,-0.07434240762520128
SWE-Bench,All,21,0.039044177218864586,0.3626421560647449,0.9153895619294456,-0.7199745785671219,0.798062933004851,0.0006097298969878207,-0.05198975800317074
AIME,Pareto,42,0.25119744684366513,0.3661146626262985,0.4965974147831871,-0.48874788514398987,0.9911427788313201,0.01163201292381355,-0.013077186753090997
AIME,All,109,0.42599990681737343,0.21841917121881205,0.05374692831516703,-0.0069906259228515455,0.8589904395575985,0.03433066082805458,0.025305713732989732
